file,class,type,cbo,cboModified,fanin,fanout,wmc,dit,noc,rfc,lcom,lcom*,tcc,lcc,totalMethodsQty,staticMethodsQty,publicMethodsQty,privateMethodsQty,protectedMethodsQty,defaultMethodsQty,visibleMethodsQty,abstractMethodsQty,finalMethodsQty,synchronizedMethodsQty,totalFieldsQty,staticFieldsQty,publicFieldsQty,privateFieldsQty,protectedFieldsQty,defaultFieldsQty,finalFieldsQty,synchronizedFieldsQty,nosi,loc,returnQty,loopQty,comparisonsQty,tryCatchQty,parenthesizedExpsQty,stringLiteralsQty,numbersQty,assignmentsQty,mathOperationsQty,variablesQty,maxNestedBlocksQty,anonymousClassesQty,innerClassesQty,lambdasQty,uniqueWordsQty,modifiers,logStatementsQty
c:\Users\bruno\OneDrive\Documentos\lab-experimentacao\lab2\.\java_repos\netty-socketio\src\main\java\com\corundumstudio\socketio\protocol\Packet.java,com.corundumstudio.socketio.protocol.Packet,class,5,37,32,5,32,1,0,12,227,0.8671329,0.15076923,0.84923077,26,0,25,0,1,0,26,0,0,0,11,1,0,11,0,0,1,0,1,112,15,0,3,0,0,5,2,18,1,12,1,0,0,0,70,1,0
c:\Users\bruno\OneDrive\Documentos\lab-experimentacao\lab2\.\java_repos\netty-socketio\src\main\java\com\corundumstudio\socketio\protocol\JacksonJsonSupport.java,com.corundumstudio.socketio.protocol.JacksonJsonSupport$AckArgsDeserializer,innerclass,8,8,0,8,6,2,0,12,1,1.0,0.0,0.0,2,0,1,0,1,0,2,0,0,0,1,1,0,1,0,0,1,0,0,31,1,1,0,0,0,0,2,14,0,12,2,0,0,0,36,4,0
c:\Users\bruno\OneDrive\Documentos\lab-experimentacao\lab2\.\java_repos\netty-socketio\src\main\java\com\corundumstudio\socketio\handler\WrongUrlHandler.java,com.corundumstudio.socketio.handler.WrongUrlHandler,class,11,13,2,11,2,2,0,11,0,0.0,NaN,NaN,1,0,1,0,0,0,1,0,0,0,1,1,0,1,0,0,1,0,0,17,1,0,0,0,0,1,0,6,0,6,1,0,0,0,30,1,1
c:\Users\bruno\OneDrive\Documentos\lab-experimentacao\lab2\.\java_repos\netty-socketio\src\main\java\com\corundumstudio\socketio\handler\AuthorizeHandler.java,com.corundumstudio.socketio.handler.AuthorizeHandler,class,34,41,7,34,34,2,0,76,2,0.691358,0.6666667,1.0,9,0,6,3,0,0,6,0,0,0,9,1,0,9,0,0,9,0,6,175,10,3,4,4,1,17,5,45,2,39,4,1,0,0,145,1,8
c:\Users\bruno\OneDrive\Documentos\lab-experimentacao\lab2\.\java_repos\netty-socketio\src\test\java\com\corundumstudio\socketio\transport\HttpTransportTest.java,com.corundumstudio.socketio.transport.HttpTransportTest$Anonymous1,anonymous,2,2,0,2,7,1,0,1,21,0.0,0.0,0.0,7,0,7,0,0,0,7,0,0,0,0,0,0,0,0,0,0,0,0,23,1,0,0,0,0,6,0,0,0,0,0,0,0,0,21,-1,6
c:\Users\bruno\OneDrive\Documentos\lab-experimentacao\lab2\.\java_repos\netty-socketio\src\main\java\com\corundumstudio\socketio\store\HazelcastStoreFactory.java,com.corundumstudio.socketio.store.HazelcastStoreFactory,class,8,8,0,8,7,2,0,4,0,0.5,0.5714286,0.71428573,7,0,7,0,0,0,7,0,0,0,4,0,0,4,0,0,4,0,0,35,3,0,0,0,0,0,0,8,0,4,0,0,0,0,26,1,0
c:\Users\bruno\OneDrive\Documentos\lab-experimentacao\lab2\.\java_repos\netty-socketio\src\main\java\com\corundumstudio\socketio\store\pubsub\DispatchMessage.java,com.corundumstudio.socketio.store.pubsub.DispatchMessage,class,2,5,3,2,5,2,0,0,4,0.70000005,0.3,0.6,5,0,5,0,0,0,5,0,0,0,4,1,0,4,0,0,1,0,0,22,3,0,0,0,0,0,1,4,0,4,0,0,0,0,18,1,0
c:\Users\bruno\OneDrive\Documentos\lab-experimentacao\lab2\.\java_repos\netty-socketio\src\test\java\com\corundumstudio\socketio\parser\DecoderAckPacketTest.java,com.corundumstudio.socketio.parser.DecoderAckPacketTest,class,8,9,1,8,4,2,0,6,6,0.0,0.0,0.0,4,0,3,1,0,0,3,0,0,0,0,0,0,0,0,0,0,0,0,30,0,0,0,0,0,3,2,2,0,2,0,1,0,0,18,1,0
c:\Users\bruno\OneDrive\Documentos\lab-experimentacao\lab2\.\java_repos\netty-socketio\src\main\java\com\corundumstudio\socketio\HandshakeData.java,com.corundumstudio.socketio.HandshakeData,class,1,9,8,1,15,1,0,4,46,0.8205129,0.20512821,0.47435898,13,0,13,0,0,0,13,0,0,0,9,1,0,9,0,0,1,0,0,59,10,0,2,0,0,0,2,10,0,10,1,0,0,0,56,1,0
c:\Users\bruno\OneDrive\Documentos\lab-experimentacao\lab2\.\java_repos\netty-socketio\src\main\java\com\corundumstudio\socketio\handler\TransportState.java,com.corundumstudio.socketio.handler.TransportState,class,2,3,1,2,4,1,0,0,2,0.5,0.33333334,0.33333334,4,0,4,0,0,0,4,0,0,0,2,0,0,2,0,0,0,0,0,18,3,0,0,0,0,0,0,4,0,3,0,0,0,0,11,1,0
c:\Users\bruno\OneDrive\Documentos\lab-experimentacao\lab2\.\java_repos\netty-socketio\src\main\java\com\corundumstudio\socketio\store\pubsub\BaseStoreFactory.java,com.corundumstudio.socketio.store.pubsub.BaseStoreFactory,class,14,18,4,14,5,1,3,10,10,0.9,0.0,0.0,5,0,4,0,1,0,5,1,0,0,2,0,0,2,0,0,1,0,1,87,2,0,0,0,1,1,1,2,2,2,0,7,0,0,33,1025,0
c:\Users\bruno\OneDrive\Documentos\lab-experimentacao\lab2\.\java_repos\netty-socketio\src\main\java\com\corundumstudio\socketio\messages\XHRPostMessage.java,com.corundumstudio.socketio.messages.XHRPostMessage,class,1,4,3,1,1,2,1,0,0,0.0,NaN,NaN,1,0,1,0,0,0,1,0,0,0,0,0,0,0,0,0,0,0,0,5,0,0,0,0,0,0,0,0,0,0,0,0,0,0,11,1,0
c:\Users\bruno\OneDrive\Documentos\lab-experimentacao\lab2\.\java_repos\netty-socketio\src\main\java\com\corundumstudio\socketio\store\MemoryStore.java,com.corundumstudio.socketio.store.MemoryStore,class,2,3,1,2,4,1,0,5,0,0.0,1.0,1.0,4,0,4,0,0,0,4,0,0,0,1,0,0,1,0,0,1,0,0,15,2,0,0,0,0,0,0,1,0,1,0,0,0,0,11,1,0
c:\Users\bruno\OneDrive\Documentos\lab-experimentacao\lab2\.\java_repos\netty-socketio\src\main\java\com\corundumstudio\socketio\ack\AckManager.java,com.corundumstudio.socketio.ack.AckManager$Anonymous1,anonymous,2,2,0,2,2,1,0,2,0,0.0,NaN,NaN,1,0,1,0,0,0,1,0,0,0,0,0,0,0,0,0,0,0,0,8,0,0,1,0,0,0,0,1,0,1,1,0,0,0,5,-1,0
c:\Users\bruno\OneDrive\Documentos\lab-experimentacao\lab2\.\java_repos\netty-socketio\src\main\java\com\corundumstudio\socketio\transport\WebSocketTransport.java,com.corundumstudio.socketio.transport.WebSocketTransport,class,25,29,4,25,33,2,0,51,0,0.60714287,1.0,1.0,8,0,4,4,0,0,4,0,0,0,7,2,1,6,0,0,7,0,1,169,4,0,13,3,0,13,3,29,1,28,5,2,0,0,94,1,8
c:\Users\bruno\OneDrive\Documentos\lab-experimentacao\lab2\.\java_repos\netty-socketio\src\main\java\com\corundumstudio\socketio\AuthTokenResult.java,com.corundumstudio.socketio.AuthTokenResult,class,1,5,4,1,3,1,0,0,0,0.5555556,0.6666667,1.0,3,0,3,0,0,0,3,0,0,0,3,1,1,2,0,0,3,0,0,15,2,0,0,0,0,0,0,3,0,3,0,0,0,0,74,1,0
c:\Users\bruno\OneDrive\Documentos\lab-experimentacao\lab2\.\java_repos\netty-socketio\src\main\java\com\corundumstudio\socketio\store\pubsub\BaseStoreFactory.java,com.corundumstudio.socketio.store.pubsub.BaseStoreFactory$Anonymous1,anonymous,1,1,0,1,1,1,0,2,0,0.0,NaN,NaN,1,0,1,0,0,0,1,0,0,0,0,0,0,0,0,0,0,0,0,5,0,0,0,0,0,1,0,0,0,0,0,0,0,0,4,-1,1
c:\Users\bruno\OneDrive\Documentos\lab-experimentacao\lab2\.\java_repos\netty-socketio\src\main\java\com\corundumstudio\socketio\store\pubsub\BaseStoreFactory.java,com.corundumstudio.socketio.store.pubsub.BaseStoreFactory$Anonymous5,anonymous,3,3,0,3,3,1,0,6,0,0.0,NaN,NaN,1,0,1,0,0,0,1,0,0,0,0,0,0,0,0,0,0,0,0,12,0,1,1,0,0,1,0,2,0,2,2,0,0,0,11,-1,1
c:\Users\bruno\OneDrive\Documentos\lab-experimentacao\lab2\.\java_repos\netty-socketio\src\main\java\com\corundumstudio\socketio\store\pubsub\BaseStoreFactory.java,com.corundumstudio.socketio.store.pubsub.BaseStoreFactory$Anonymous4,anonymous,3,3,0,3,2,1,0,6,0,0.0,NaN,NaN,1,0,1,0,0,0,1,0,0,0,0,0,0,0,0,0,0,0,0,10,0,0,1,0,0,1,0,2,0,2,1,0,0,0,9,-1,1
c:\Users\bruno\OneDrive\Documentos\lab-experimentacao\lab2\.\java_repos\netty-socketio\src\main\java\com\corundumstudio\socketio\protocol\EngineIOVersion.java,com.corundumstudio.socketio.protocol.EngineIOVersion,enum,1,7,6,1,6,1,0,4,0,0.5555556,0.33333334,0.33333334,3,1,2,1,0,0,3,0,0,0,3,2,1,2,0,0,3,0,1,25,3,1,1,0,0,5,0,4,0,4,1,0,0,0,30,1,0
c:\Users\bruno\OneDrive\Documentos\lab-experimentacao\lab2\.\java_repos\netty-socketio\src\main\java\com\corundumstudio\socketio\scheduler\HashedWheelScheduler.java,com.corundumstudio.socketio.scheduler.HashedWheelScheduler$Anonymous4,anonymous,1,1,0,1,1,1,0,2,0,0.0,NaN,NaN,1,0,1,0,0,0,1,0,0,0,0,0,0,0,0,0,0,0,0,10,0,0,0,1,0,0,0,0,0,0,1,0,0,0,5,-1,0
c:\Users\bruno\OneDrive\Documentos\lab-experimentacao\lab2\.\java_repos\netty-socketio\src\main\java\com\corundumstudio\socketio\store\pubsub\BaseStoreFactory.java,com.corundumstudio.socketio.store.pubsub.BaseStoreFactory$Anonymous3,anonymous,3,3,0,3,2,1,0,6,0,0.0,NaN,NaN,1,0,1,0,0,0,1,0,0,0,0,0,0,0,0,0,0,0,0,10,0,0,1,0,0,1,0,2,0,2,1,0,0,0,8,-1,1
c:\Users\bruno\OneDrive\Documentos\lab-experimentacao\lab2\.\java_repos\netty-socketio\src\test\java\com\corundumstudio\socketio\parser\DecoderBaseTest.java,com.corundumstudio.socketio.parser.DecoderBaseTest,class,5,10,5,5,1,1,5,0,0,0.0,NaN,NaN,1,0,1,0,0,0,1,0,0,0,2,0,0,0,2,0,0,0,0,7,0,0,0,0,0,0,0,1,0,2,0,0,0,0,12,1,0
c:\Users\bruno\OneDrive\Documentos\lab-experimentacao\lab2\.\java_repos\netty-socketio\src\main\java\com\corundumstudio\socketio\store\pubsub\BaseStoreFactory.java,com.corundumstudio.socketio.store.pubsub.BaseStoreFactory$Anonymous2,anonymous,2,2,0,2,1,1,0,3,0,0.0,NaN,NaN,1,0,1,0,0,0,1,0,0,0,0,0,0,0,0,0,0,0,0,6,0,0,0,0,0,1,0,0,0,0,0,0,0,0,4,-1,1
c:\Users\bruno\OneDrive\Documentos\lab-experimentacao\lab2\.\java_repos\netty-socketio\src\main\java\com\corundumstudio\socketio\scheduler\HashedWheelScheduler.java,com.corundumstudio.socketio.scheduler.HashedWheelScheduler$Anonymous2,anonymous,1,1,0,1,1,1,0,2,0,0.0,NaN,NaN,1,0,1,0,0,0,1,0,0,0,0,0,0,0,0,0,0,0,0,15,0,0,0,0,0,0,0,0,0,0,0,1,0,0,5,-1,0
c:\Users\bruno\OneDrive\Documentos\lab-experimentacao\lab2\.\java_repos\netty-socketio\src\main\java\com\corundumstudio\socketio\store\pubsub\BaseStoreFactory.java,com.corundumstudio.socketio.store.pubsub.BaseStoreFactory$Anonymous7,anonymous,3,3,0,3,3,1,0,6,0,0.0,NaN,NaN,1,0,1,0,0,0,1,0,0,0,0,0,0,0,0,0,0,0,0,12,0,1,1,0,0,1,0,2,0,2,2,0,0,0,11,-1,1
c:\Users\bruno\OneDrive\Documentos\lab-experimentacao\lab2\.\java_repos\netty-socketio\src\main\java\com\corundumstudio\socketio\BroadcastAckCallback.java,com.corundumstudio.socketio.BroadcastAckCallback,class,5,10,5,5,11,1,0,7,18,0.75,0.14285715,0.14285715,8,0,2,1,3,2,7,0,1,0,5,0,0,0,0,5,5,0,0,43,1,0,1,0,0,0,2,5,0,5,1,1,0,0,27,1,0
c:\Users\bruno\OneDrive\Documentos\lab-experimentacao\lab2\.\java_repos\netty-socketio\src\main\java\com\corundumstudio\socketio\scheduler\HashedWheelScheduler.java,com.corundumstudio.socketio.scheduler.HashedWheelScheduler$Anonymous1,anonymous,1,1,0,1,1,1,0,1,0,0.0,NaN,NaN,1,0,1,0,0,0,1,0,0,0,0,0,0,0,0,0,0,0,0,5,0,0,0,0,0,0,0,0,0,0,0,0,0,0,4,-1,0
c:\Users\bruno\OneDrive\Documentos\lab-experimentacao\lab2\.\java_repos\netty-socketio\src\main\java\com\corundumstudio\socketio\store\pubsub\BaseStoreFactory.java,com.corundumstudio.socketio.store.pubsub.BaseStoreFactory$Anonymous6,anonymous,3,3,0,3,2,1,0,6,0,0.0,NaN,NaN,1,0,1,0,0,0,1,0,0,0,0,0,0,0,0,0,0,0,0,10,0,0,1,0,0,1,0,2,0,2,1,0,0,0,9,-1,1
c:\Users\bruno\OneDrive\Documentos\lab-experimentacao\lab2\.\java_repos\netty-socketio\src\main\java\com\corundumstudio\socketio\handler\InPacketHandler.java,com.corundumstudio.socketio.handler.InPacketHandler,class,19,21,2,19,17,2,0,35,0,0.4,0.6666667,1.0,3,0,2,0,1,0,3,0,0,0,5,1,0,5,0,0,5,0,0,85,5,1,6,1,0,6,0,18,1,18,7,0,0,0,54,1,4
c:\Users\bruno\OneDrive\Documentos\lab-experimentacao\lab2\.\java_repos\netty-socketio\src\main\java\com\corundumstudio\socketio\scheduler\SchedulerKey.java,com.corundumstudio.socketio.scheduler.SchedulerKey$Type,enum,0,0,0,0,0,1,0,0,0,0.0,-1.0,-1.0,0,0,0,0,0,0,0,0,0,0,0,0,0,0,0,0,0,0,0,1,0,0,0,0,0,0,0,0,0,0,0,0,0,0,14,1,0
c:\Users\bruno\OneDrive\Documentos\lab-experimentacao\lab2\.\java_repos\netty-socketio\src\main\java\com\corundumstudio\socketio\scheduler\HashedWheelTimeoutScheduler.java,com.corundumstudio.socketio.scheduler.HashedWheelTimeoutScheduler,class,7,9,2,7,12,1,0,8,4,0.6666667,0.53571427,0.53571427,9,0,8,1,0,0,8,0,0,0,3,0,0,3,0,0,2,0,0,68,0,0,2,0,0,0,0,9,0,7,1,3,0,0,36,1,0
c:\Users\bruno\OneDrive\Documentos\lab-experimentacao\lab2\.\java_repos\netty-socketio\src\main\java\com\corundumstudio\socketio\listener\PongListener.java,com.corundumstudio.socketio.listener.PongListener,interface,1,4,3,1,1,1,0,0,0,0.0,NaN,NaN,1,0,0,0,0,1,1,0,0,0,0,0,0,0,0,0,0,0,0,3,0,0,0,0,0,0,0,0,0,0,0,0,0,0,8,1,0
c:\Users\bruno\OneDrive\Documentos\lab-experimentacao\lab2\.\java_repos\netty-socketio\src\main\java\com\corundumstudio\socketio\messages\PacketsMessage.java,com.corundumstudio.socketio.messages.PacketsMessage,class,3,6,3,3,4,1,0,0,0,0.5,0.5,1.0,4,0,4,0,0,0,4,0,0,0,3,0,0,3,0,0,3,0,0,19,3,0,0,0,0,0,0,3,0,3,0,0,0,0,12,1,0
c:\Users\bruno\OneDrive\Documentos\lab-experimentacao\lab2\.\java_repos\netty-socketio\src\main\java\com\corundumstudio\socketio\AckCallback.java,com.corundumstudio.socketio.AckCallback,class,1,15,14,1,6,1,0,0,7,0.5833334,0.26666668,0.4,6,0,6,0,0,0,6,1,0,0,2,0,0,0,2,0,2,0,0,20,2,0,0,0,0,0,1,2,0,2,0,0,0,0,61,1025,0
c:\Users\bruno\OneDrive\Documentos\lab-experimentacao\lab2\.\java_repos\netty-socketio\src\main\java\com\corundumstudio\socketio\protocol\ConnPacket.java,com.corundumstudio.socketio.protocol.ConnPacket,class,0,1,1,0,2,1,0,0,0,0.0,1.0,1.0,2,0,2,0,0,0,2,0,0,0,1,0,0,1,0,0,1,0,0,9,1,0,0,0,0,0,0,1,0,1,0,0,0,0,8,1,0
c:\Users\bruno\OneDrive\Documentos\lab-experimentacao\lab2\.\java_repos\netty-socketio\src\main\java\com\corundumstudio\socketio\protocol\UTF8CharsScanner.java,com.corundumstudio.socketio.protocol.UTF8CharsScanner,class,3,5,2,3,17,1,0,5,1,0.75,0.0,0.0,2,0,1,1,0,0,3,0,0,0,2,2,0,0,0,2,2,0,1,64,2,3,4,0,3,0,28,22,2,11,2,0,0,0,54,1,0
c:\Users\bruno\OneDrive\Documentos\lab-experimentacao\lab2\.\java_repos\netty-socketio\src\main\java\com\corundumstudio\socketio\Disconnectable.java,com.corundumstudio.socketio.Disconnectable,interface,1,7,6,1,1,1,0,0,0,0.0,NaN,NaN,1,0,0,0,0,1,1,0,0,0,0,0,0,0,0,0,0,0,0,3,0,0,0,0,0,0,0,0,0,0,0,0,0,0,6,1,0
c:\Users\bruno\OneDrive\Documentos\lab-experimentacao\lab2\.\java_repos\netty-socketio\src\main\java\com\corundumstudio\socketio\listener\ConnectListener.java,com.corundumstudio.socketio.listener.ConnectListener,interface,1,5,4,1,1,1,0,0,0,0.0,NaN,NaN,1,0,0,0,0,1,1,0,0,0,0,0,0,0,0,0,0,0,0,3,0,0,0,0,0,0,0,0,0,0,0,0,0,0,8,1,0
c:\Users\bruno\OneDrive\Documentos\lab-experimentacao\lab2\.\java_repos\netty-socketio\src\main\java\com\corundumstudio\socketio\namespace\Namespace.java,com.corundumstudio.socketio.namespace.Namespace,class,34,52,18,34,96,1,0,81,676,0.9117646,0.17051283,0.8076923,44,0,40,4,0,0,40,0,0,0,17,1,1,16,0,0,17,0,7,332,32,14,23,6,2,6,5,48,2,41,3,0,0,0,131,1,0
c:\Users\bruno\OneDrive\Documentos\lab-experimentacao\lab2\.\java_repos\netty-socketio\src\main\java\com\corundumstudio\socketio\store\pubsub\JoinLeaveMessage.java,com.corundumstudio.socketio.store.pubsub.JoinLeaveMessage,class,1,5,4,1,5,2,0,0,4,0.70000005,0.3,0.6,5,0,5,0,0,0,5,0,0,0,4,1,0,4,0,0,1,0,0,23,3,0,0,0,0,0,1,4,0,4,0,0,0,0,21,1,0
c:\Users\bruno\OneDrive\Documentos\lab-experimentacao\lab2\.\java_repos\netty-socketio\src\main\java\com\corundumstudio\socketio\store\Store.java,com.corundumstudio.socketio.store.Store,interface,1,12,11,1,4,1,0,0,6,0.0,0.0,0.0,4,0,0,0,0,4,4,0,0,0,0,0,0,0,0,0,0,0,0,6,0,0,0,0,0,0,0,0,0,0,0,0,0,0,9,1,0
c:\Users\bruno\OneDrive\Documentos\lab-experimentacao\lab2\.\java_repos\netty-socketio\src\main\java\com\corundumstudio\socketio\handler\AuthorizeHandler.java,com.corundumstudio.socketio.handler.AuthorizeHandler$Anonymous1,anonymous,0,0,0,0,1,1,0,4,0,0.0,NaN,NaN,1,0,1,0,0,0,1,0,0,0,0,0,0,0,0,0,0,0,0,6,0,0,0,0,0,1,0,0,0,0,0,0,0,0,11,-1,1
c:\Users\bruno\OneDrive\Documentos\lab-experimentacao\lab2\.\java_repos\netty-socketio\src\main\java\com\corundumstudio\socketio\scheduler\CancelableScheduler.java,com.corundumstudio.socketio.scheduler.CancelableScheduler,interface,2,10,8,2,6,1,0,0,15,0.0,0.0,0.0,6,0,0,0,0,6,6,0,0,0,0,0,0,0,0,0,0,0,0,8,0,0,0,0,0,0,0,0,0,0,0,0,0,0,17,1,0
c:\Users\bruno\OneDrive\Documentos\lab-experimentacao\lab2\.\java_repos\netty-socketio\src\main\java\com\corundumstudio\socketio\AuthTokenListener.java,com.corundumstudio.socketio.AuthTokenListener,interface,2,4,2,2,1,1,0,0,0,0.0,NaN,NaN,1,0,0,0,0,1,1,0,0,0,0,0,0,0,0,0,0,0,0,3,0,0,0,0,0,0,0,0,0,0,0,0,0,0,96,1,0
c:\Users\bruno\OneDrive\Documentos\lab-experimentacao\lab2\.\java_repos\netty-socketio\src\main\java\com\corundumstudio\socketio\messages\HttpErrorMessage.java,com.corundumstudio.socketio.messages.HttpErrorMessage,class,1,3,2,1,2,2,0,0,0,0.0,1.0,1.0,2,0,2,0,0,0,2,0,0,0,1,0,0,1,0,0,1,0,0,10,1,0,0,0,0,0,0,1,0,1,0,0,0,0,6,1,0
c:\Users\bruno\OneDrive\Documentos\lab-experimentacao\lab2\.\java_repos\netty-socketio\src\main\java\com\corundumstudio\socketio\store\HazelcastPubSubStore.java,com.corundumstudio.socketio.store.HazelcastPubSubStore$Anonymous1,anonymous,3,3,0,3,2,1,0,4,0,0.0,NaN,NaN,1,0,1,0,0,0,1,0,0,0,0,0,0,0,0,0,0,0,0,8,0,0,0,0,0,0,0,1,0,1,1,0,0,0,6,-1,0
c:\Users\bruno\OneDrive\Documentos\lab-experimentacao\lab2\.\java_repos\netty-socketio\src\main\java\com\corundumstudio\socketio\VoidAckCallback.java,com.corundumstudio.socketio.VoidAckCallback,class,2,3,1,2,4,2,0,1,6,0.0,0.0,0.0,4,0,3,0,1,0,4,1,1,0,0,0,0,0,0,0,0,0,0,12,0,0,0,0,0,0,0,0,0,0,0,0,0,0,12,1025,0
c:\Users\bruno\OneDrive\Documentos\lab-experimentacao\lab2\.\java_repos\netty-socketio\src\test\java\com\corundumstudio\socketio\transport\HttpTransportTest.java,com.corundumstudio.socketio.transport.HttpTransportTest,class,13,14,1,13,16,1,0,51,31,0.86666673,0.5,0.5,10,1,4,6,0,0,4,0,0,0,6,0,0,6,0,0,1,0,5,125,5,0,4,4,1,20,6,26,3,28,3,1,0,1,132,1,0
c:\Users\bruno\OneDrive\Documentos\lab-experimentacao\lab2\.\java_repos\netty-socketio\src\main\java\com\corundumstudio\socketio\listener\PingListener.java,com.corundumstudio.socketio.listener.PingListener,interface,1,4,3,1,1,1,0,0,0,0.0,NaN,NaN,1,0,0,0,0,1,1,0,0,0,0,0,0,0,0,0,0,0,0,3,0,0,0,0,0,0,0,0,0,0,0,0,0,0,8,1,0
c:\Users\bruno\OneDrive\Documentos\lab-experimentacao\lab2\.\java_repos\netty-socketio\src\main\java\com\corundumstudio\socketio\store\pubsub\BulkJoinLeaveMessage.java,com.corundumstudio.socketio.store.pubsub.BulkJoinLeaveMessage,class,1,5,4,1,5,2,0,0,4,0.70000005,0.3,0.6,5,0,5,0,0,0,5,0,0,0,4,1,0,4,0,0,1,0,0,23,3,0,0,0,0,0,1,4,0,4,0,0,0,0,22,1,0
c:\Users\bruno\OneDrive\Documentos\lab-experimentacao\lab2\.\java_repos\netty-socketio\src\main\java\com\corundumstudio\socketio\Configuration.java,com.corundumstudio.socketio.Configuration,class,14,29,15,14,87,1,0,91,3231,0.9746713,0.012947908,0.012947908,82,0,81,0,0,1,82,0,0,0,39,0,0,39,0,0,0,0,3,343,41,0,2,2,0,8,14,70,2,41,3,0,0,0,288,1,0
c:\Users\bruno\OneDrive\Documentos\lab-experimentacao\lab2\.\java_repos\netty-socketio\src\main\java\com\corundumstudio\socketio\transport\NamespaceClient.java,com.corundumstudio.socketio.transport.NamespaceClient,class,13,19,6,13,42,1,0,48,50,0.7413793,0.42857143,0.6693122,29,0,28,1,0,0,28,0,0,0,4,1,0,4,0,0,4,0,2,133,25,0,9,0,4,1,4,13,4,11,2,0,0,0,71,1,1
c:\Users\bruno\OneDrive\Documentos\lab-experimentacao\lab2\.\java_repos\netty-socketio\src\main\java\com\corundumstudio\socketio\SocketIOClient.java,com.corundumstudio.socketio.SocketIOClient,interface,8,37,29,8,16,1,0,0,120,0.0,0.0,0.0,16,0,0,0,0,16,16,0,0,0,0,0,0,0,0,0,0,0,0,18,0,0,0,0,0,0,0,0,0,0,0,0,0,0,102,1,0
c:\Users\bruno\OneDrive\Documentos\lab-experimentacao\lab2\.\java_repos\netty-socketio\src\main\java\com\corundumstudio\socketio\store\pubsub\DisconnectMessage.java,com.corundumstudio.socketio.store.pubsub.DisconnectMessage,class,1,4,3,1,3,2,0,0,1,0.6666667,0.33333334,0.33333334,3,0,3,0,0,0,3,0,0,0,2,1,0,2,0,0,1,0,0,13,1,0,0,0,0,0,1,2,0,2,0,0,0,0,15,1,0
c:\Users\bruno\OneDrive\Documentos\lab-experimentacao\lab2\.\java_repos\netty-socketio\src\test\java\com\corundumstudio\socketio\transport\WebSocketTransportTest.java,com.corundumstudio.socketio.transport.WebSocketTransportTest$Anonymous1,anonymous,1,1,0,1,1,1,0,0,0,0.0,NaN,NaN,1,0,1,0,0,0,1,0,0,0,0,0,0,0,0,0,0,0,0,4,0,0,0,0,0,0,0,0,0,0,0,0,0,0,7,-1,0
c:\Users\bruno\OneDrive\Documentos\lab-experimentacao\lab2\.\java_repos\netty-socketio\src\test\java\com\corundumstudio\socketio\parser\DecoderAckPacketTest.java,com.corundumstudio.socketio.parser.DecoderAckPacketTest$Anonymous1,anonymous,2,2,0,2,1,1,0,1,0,0.0,NaN,NaN,0,0,0,0,0,0,1,0,0,0,0,0,0,0,0,0,0,0,0,10,0,0,0,0,0,0,0,1,0,0,0,1,0,0,4,-1,0
c:\Users\bruno\OneDrive\Documentos\lab-experimentacao\lab2\.\java_repos\netty-socketio\src\main\java\com\corundumstudio\socketio\ack\AckSchedulerKey.java,com.corundumstudio.socketio.ack.AckSchedulerKey,class,3,5,2,3,8,2,0,3,0,0.0,1.0,1.0,4,0,4,0,0,0,4,0,0,0,1,0,0,1,0,0,1,0,0,24,7,0,3,0,2,0,2,5,3,4,1,0,0,0,21,1,0
c:\Users\bruno\OneDrive\Documentos\lab-experimentacao\lab2\.\java_repos\netty-socketio\src\main\java\com\corundumstudio\socketio\handler\ClientHead.java,com.corundumstudio.socketio.handler.ClientHead,class,22,41,19,22,50,1,0,55,314,0.890625,0.19569893,0.81505376,32,0,31,1,0,0,31,0,0,0,16,2,1,15,0,0,13,0,1,217,23,4,9,0,1,3,2,36,1,34,2,2,0,0,127,1,2
c:\Users\bruno\OneDrive\Documentos\lab-experimentacao\lab2\.\java_repos\netty-socketio\src\main\java\com\corundumstudio\socketio\handler\SocketIOException.java,com.corundumstudio.socketio.handler.SocketIOException,class,0,4,4,0,3,4,0,0,3,1.0,0.0,0.0,3,0,3,0,0,0,3,0,0,0,1,1,0,1,0,0,1,0,0,12,0,0,0,0,0,0,1,1,0,1,0,0,0,0,14,1,0
c:\Users\bruno\OneDrive\Documentos\lab-experimentacao\lab2\.\java_repos\netty-socketio\src\main\java\com\corundumstudio\socketio\annotation\OnConnectScanner.java,com.corundumstudio.socketio.annotation.OnConnectScanner,class,5,6,1,5,6,1,0,4,3,0.0,0.0,0.0,3,0,3,0,0,0,3,0,0,0,0,0,0,0,0,0,0,0,0,32,2,1,1,0,0,4,1,0,2,0,2,1,0,0,20,1,0
c:\Users\bruno\OneDrive\Documentos\lab-experimentacao\lab2\.\java_repos\netty-socketio\src\main\java\com\corundumstudio\socketio\protocol\JsonSupport.java,com.corundumstudio.socketio.protocol.JsonSupport,interface,6,16,10,6,6,1,0,0,15,0.0,0.0,0.0,6,0,0,0,0,6,6,0,0,0,0,0,0,0,0,0,0,0,0,8,0,0,0,0,0,0,0,0,0,0,0,0,0,0,39,1,0
c:\Users\bruno\OneDrive\Documentos\lab-experimentacao\lab2\.\java_repos\netty-socketio\src\main\java\com\corundumstudio\socketio\annotation\OnConnectScanner.java,com.corundumstudio.socketio.annotation.OnConnectScanner$Anonymous1,anonymous,2,2,0,2,3,1,0,2,0,0.0,NaN,NaN,1,0,1,0,0,0,1,0,0,0,0,0,0,0,0,0,0,0,0,13,0,0,0,1,0,0,0,0,0,0,1,0,0,0,11,-1,0
c:\Users\bruno\OneDrive\Documentos\lab-experimentacao\lab2\.\java_repos\netty-socketio\src\main\java\com\corundumstudio\socketio\annotation\SpringAnnotationScanner.java,com.corundumstudio.socketio.annotation.SpringAnnotationScanner$Anonymous1,anonymous,0,0,0,0,1,1,0,1,0,0.0,NaN,NaN,1,0,1,0,0,0,1,0,0,0,0,0,0,0,0,0,0,0,0,5,0,0,0,0,0,0,0,0,0,0,0,0,0,0,8,-1,0
c:\Users\bruno\OneDrive\Documentos\lab-experimentacao\lab2\.\java_repos\netty-socketio\src\main\java\com\corundumstudio\socketio\annotation\SpringAnnotationScanner.java,com.corundumstudio.socketio.annotation.SpringAnnotationScanner$Anonymous2,anonymous,0,0,0,0,3,1,0,1,0,0.0,NaN,NaN,1,0,1,0,0,0,1,0,0,0,0,0,0,0,0,0,0,0,0,10,2,1,0,0,0,0,0,0,0,0,2,0,0,0,9,-1,0
c:\Users\bruno\OneDrive\Documentos\lab-experimentacao\lab2\.\java_repos\netty-socketio\src\main\java\com\corundumstudio\socketio\BroadcastAckCallback.java,com.corundumstudio.socketio.BroadcastAckCallback$Anonymous1,anonymous,2,2,0,2,2,1,0,4,1,0.0,0.0,0.0,2,0,2,0,0,0,2,0,0,0,0,0,0,0,0,0,0,0,0,10,0,0,0,0,0,0,0,0,0,0,0,0,0,0,8,-1,0
c:\Users\bruno\OneDrive\Documentos\lab-experimentacao\lab2\.\java_repos\netty-socketio\src\main\java\com\corundumstudio\socketio\annotation\AnnotationScanner.java,com.corundumstudio.socketio.annotation.AnnotationScanner,interface,1,5,4,1,3,1,0,0,3,0.0,0.0,0.0,3,0,0,0,0,3,3,0,0,0,0,0,0,0,0,0,0,0,0,5,0,0,0,0,0,0,0,0,0,0,0,0,0,0,12,1,0
c:\Users\bruno\OneDrive\Documentos\lab-experimentacao\lab2\.\java_repos\netty-socketio\src\main\java\com\corundumstudio\socketio\SocketIONamespace.java,com.corundumstudio.socketio.SocketIONamespace,interface,4,8,4,4,7,1,0,0,21,0.0,0.0,0.0,7,0,0,0,0,7,7,0,0,0,0,0,0,0,0,0,0,0,0,9,0,0,0,0,0,0,0,0,0,0,0,0,0,0,36,1,0
c:\Users\bruno\OneDrive\Documentos\lab-experimentacao\lab2\.\java_repos\netty-socketio\src\main\java\com\corundumstudio\socketio\messages\OutPacketMessage.java,com.corundumstudio.socketio.messages.OutPacketMessage,class,3,5,2,3,3,2,0,2,0,0.33333334,0.6666667,1.0,3,0,3,0,0,0,3,0,0,0,2,0,0,2,0,0,2,0,0,15,2,0,0,0,0,0,0,2,0,2,0,0,0,0,10,1,0
c:\Users\bruno\OneDrive\Documentos\lab-experimentacao\lab2\.\java_repos\netty-socketio\src\main\java\com\corundumstudio\socketio\scheduler\SchedulerKey.java,com.corundumstudio.socketio.scheduler.SchedulerKey,class,2,12,10,2,12,1,1,4,0,0.0,1.0,1.0,3,0,3,0,0,0,3,0,0,0,2,0,0,2,0,0,2,0,0,28,8,0,8,0,4,0,4,7,4,5,2,0,1,0,32,1,0
c:\Users\bruno\OneDrive\Documentos\lab-experimentacao\lab2\.\java_repos\netty-socketio\src\main\java\com\corundumstudio\socketio\messages\HttpMessage.java,com.corundumstudio.socketio.messages.HttpMessage,class,0,4,4,0,3,1,3,0,0,0.33333334,0.6666667,1.0,3,0,3,0,0,0,3,0,0,0,2,0,0,2,0,0,2,0,0,14,2,0,0,0,0,0,0,2,0,2,0,0,0,0,11,1025,0
c:\Users\bruno\OneDrive\Documentos\lab-experimentacao\lab2\.\java_repos\netty-socketio\src\main\java\com\corundumstudio\socketio\SocketConfig.java,com.corundumstudio.socketio.SocketConfig,class,0,3,3,0,18,1,0,0,135,0.8888889,0.05882353,0.05882353,18,0,18,0,0,0,18,0,0,0,9,0,0,9,0,0,0,0,0,65,9,0,0,0,0,0,6,18,0,9,0,0,0,0,45,1,0
c:\Users\bruno\OneDrive\Documentos\lab-experimentacao\lab2\.\java_repos\netty-socketio\src\test\java\com\corundumstudio\socketio\parser\DecoderJsonPacketTest.java,com.corundumstudio.socketio.parser.DecoderJsonPacketTest,class,5,5,0,5,3,2,0,6,3,0.0,0.0,0.0,3,0,3,0,0,0,3,0,0,0,0,0,0,0,0,0,0,0,0,16,0,0,0,0,0,7,1,4,0,4,0,0,0,0,22,1,0
c:\Users\bruno\OneDrive\Documentos\lab-experimentacao\lab2\.\java_repos\netty-socketio\src\main\java\com\corundumstudio\socketio\scheduler\HashedWheelScheduler.java,com.corundumstudio.socketio.scheduler.HashedWheelScheduler$Anonymous2$Anonymous3,anonymous,0,0,0,0,1,1,0,2,0,0.0,NaN,NaN,1,0,1,0,0,0,1,0,0,0,0,0,0,0,0,0,0,0,0,10,0,0,0,1,0,0,0,0,0,0,1,0,0,0,2,-1,0
c:\Users\bruno\OneDrive\Documentos\lab-experimentacao\lab2\.\java_repos\netty-socketio\src\main\java\com\corundumstudio\socketio\handler\PacketListener.java,com.corundumstudio.socketio.handler.PacketListener,class,11,13,2,11,17,1,0,27,0,0.0,1.0,1.0,2,0,2,0,0,0,2,0,0,0,3,0,0,3,0,0,3,0,1,79,0,0,7,0,0,1,0,12,0,11,3,0,0,0,25,1,0
c:\Users\bruno\OneDrive\Documentos\lab-experimentacao\lab2\.\java_repos\netty-socketio\src\main\java\com\corundumstudio\socketio\protocol\AuthPacket.java,com.corundumstudio.socketio.protocol.AuthPacket,class,0,1,1,0,5,1,0,0,2,0.6,0.4,1.0,5,0,5,0,0,0,5,0,0,0,4,0,0,4,0,0,4,0,0,25,4,0,0,0,0,0,0,4,0,4,0,0,0,0,14,1,0
c:\Users\bruno\OneDrive\Documentos\lab-experimentacao\lab2\.\java_repos\netty-socketio\src\main\java\com\corundumstudio\socketio\annotation\OnEventScanner.java,com.corundumstudio.socketio.annotation.OnEventScanner,class,8,10,2,8,18,1,0,17,10,0.0,0.0,0.0,5,0,3,2,0,0,3,0,0,0,0,0,0,0,0,0,0,0,0,115,4,3,5,0,0,4,9,16,1,14,2,2,0,0,43,1,0
c:\Users\bruno\OneDrive\Documentos\lab-experimentacao\lab2\.\java_repos\netty-socketio\src\main\java\com\corundumstudio\socketio\AuthorizationListener.java,com.corundumstudio.socketio.AuthorizationListener,interface,2,5,3,2,1,1,0,0,0,0.0,NaN,NaN,1,0,0,0,0,1,1,0,0,0,0,0,0,0,0,0,0,0,0,3,0,0,0,0,0,0,0,0,0,0,0,0,0,0,30,1,0
c:\Users\bruno\OneDrive\Documentos\lab-experimentacao\lab2\.\java_repos\netty-socketio\src\main\java\com\corundumstudio\socketio\listener\ClientListeners.java,com.corundumstudio.socketio.listener.ClientListeners,interface,9,11,2,9,11,1,0,0,55,0.0,0.0,0.0,11,0,0,0,0,11,11,0,0,0,0,0,0,0,0,0,0,0,0,13,0,0,0,0,0,0,0,0,0,0,0,0,0,0,47,1,0
c:\Users\bruno\OneDrive\Documentos\lab-experimentacao\lab2\.\java_repos\netty-socketio\src\main\java\com\corundumstudio\socketio\AckMode.java,com.corundumstudio.socketio.AckMode,enum,0,2,2,0,0,1,0,0,0,0.0,-1.0,-1.0,0,0,0,0,0,0,0,0,0,0,0,0,0,0,0,0,0,0,0,4,0,0,0,0,0,0,0,0,0,0,0,0,0,0,28,1,0
c:\Users\bruno\OneDrive\Documentos\lab-experimentacao\lab2\.\java_repos\netty-socketio\src\main\java\com\corundumstudio\socketio\listener\MultiTypeEventListener.java,com.corundumstudio.socketio.listener.MultiTypeEventListener,interface,2,6,4,2,0,1,0,0,0,0.0,-1.0,-1.0,0,0,0,0,0,0,0,0,0,0,0,0,0,0,0,0,0,0,0,2,0,0,0,0,0,0,0,0,0,0,0,0,0,0,8,1,0
c:\Users\bruno\OneDrive\Documentos\lab-experimentacao\lab2\.\java_repos\netty-socketio\src\main\java\com\corundumstudio\socketio\MultiTypeAckCallback.java,com.corundumstudio.socketio.MultiTypeAckCallback,class,2,4,2,2,2,2,0,0,0,0.0,1.0,1.0,2,0,2,0,0,0,2,0,0,0,1,0,0,1,0,0,0,0,0,10,1,0,0,0,0,0,0,1,0,1,0,0,0,0,16,1025,0
c:\Users\bruno\OneDrive\Documentos\lab-experimentacao\lab2\.\java_repos\netty-socketio\src\main\java\com\corundumstudio\socketio\scheduler\HashedWheelScheduler.java,com.corundumstudio.socketio.scheduler.HashedWheelScheduler,class,6,6,0,6,11,1,0,7,0,0.5416667,0.60714287,0.75,8,0,8,0,0,0,8,0,0,0,3,0,0,3,0,0,2,0,0,68,0,0,1,0,0,0,0,7,0,6,1,3,0,0,31,1,0
c:\Users\bruno\OneDrive\Documentos\lab-experimentacao\lab2\.\java_repos\netty-socketio\src\test\java\com\corundumstudio\socketio\parser\EncoderConnectionPacketTest.java,com.corundumstudio.socketio.parser.EncoderConnectionPacketTest,class,4,4,0,4,4,2,0,4,6,0.0,0.0,0.0,4,0,4,0,0,0,4,0,0,0,0,0,0,0,0,0,0,0,0,22,0,0,0,0,0,6,0,6,0,6,0,0,0,0,19,1,0
c:\Users\bruno\OneDrive\Documentos\lab-experimentacao\lab2\.\java_repos\netty-socketio\src\main\java\com\corundumstudio\socketio\HttpRequestDecoderConfiguration.java,com.corundumstudio.socketio.HttpRequestDecoderConfiguration,class,0,1,1,0,8,1,0,0,10,0.625,0.32142857,0.75,8,0,8,0,0,0,8,0,0,0,3,0,0,3,0,0,0,0,0,31,3,0,0,0,0,0,3,6,0,3,0,0,0,0,14,1,0
c:\Users\bruno\OneDrive\Documentos\lab-experimentacao\lab2\.\java_repos\netty-socketio\src\main\java\com\corundumstudio\socketio\store\MemoryPubSubStore.java,com.corundumstudio.socketio.store.MemoryPubSubStore,class,5,6,1,5,4,1,0,0,6,0.0,0.0,0.0,4,0,4,0,0,0,4,0,0,0,0,0,0,0,0,0,0,0,0,10,0,0,0,0,0,0,0,0,0,0,0,0,0,0,13,1,0
c:\Users\bruno\OneDrive\Documentos\lab-experimentacao\lab2\.\java_repos\netty-socketio\src\main\java\com\corundumstudio\socketio\scheduler\HashedWheelTimeoutScheduler.java,com.corundumstudio.socketio.scheduler.HashedWheelTimeoutScheduler$Anonymous2$Anonymous3,anonymous,0,0,0,0,1,1,0,2,0,0.0,NaN,NaN,1,0,1,0,0,0,1,0,0,0,0,0,0,0,0,0,0,0,0,6,0,0,0,0,0,0,0,0,0,0,0,0,0,0,2,-1,0
c:\Users\bruno\OneDrive\Documentos\lab-experimentacao\lab2\.\java_repos\netty-socketio\src\main\java\com\corundumstudio\socketio\store\pubsub\PubSubListener.java,com.corundumstudio.socketio.store.pubsub.PubSubListener,interface,1,8,7,1,1,1,0,0,0,0.0,NaN,NaN,1,0,0,0,0,1,1,0,0,0,0,0,0,0,0,0,0,0,0,3,0,0,0,0,0,0,0,0,0,0,0,0,0,0,4,1,0
c:\Users\bruno\OneDrive\Documentos\lab-experimentacao\lab2\.\java_repos\netty-socketio\src\main\java\com\corundumstudio\socketio\listener\DisconnectListener.java,com.corundumstudio.socketio.listener.DisconnectListener,interface,1,5,4,1,1,1,0,0,0,0.0,NaN,NaN,1,0,0,0,0,1,1,0,0,0,0,0,0,0,0,0,0,0,0,3,0,0,0,0,0,0,0,0,0,0,0,0,0,0,8,1,0
c:\Users\bruno\OneDrive\Documentos\lab-experimentacao\lab2\.\java_repos\netty-socketio\src\main\java\com\corundumstudio\socketio\AuthorizationResult.java,com.corundumstudio.socketio.AuthorizationResult,class,1,5,4,1,6,1,0,2,0,0.625,0.8333333,1.0,4,0,4,0,0,0,4,0,0,0,4,2,2,2,0,0,4,0,3,20,2,0,1,0,0,0,0,6,0,4,0,0,0,0,47,1,0
c:\Users\bruno\OneDrive\Documentos\lab-experimentacao\lab2\.\java_repos\netty-socketio\src\main\java\com\corundumstudio\socketio\ack\AckManager.java,com.corundumstudio.socketio.ack.AckManager$AckEntry,innerclass,1,1,0,1,5,1,0,7,0,0.4,0.7,1.0,5,0,5,0,0,0,5,0,0,0,2,0,0,0,0,2,2,0,0,21,4,0,0,0,0,0,2,3,0,3,0,0,0,0,15,8,0
c:\Users\bruno\OneDrive\Documentos\lab-experimentacao\lab2\.\java_repos\netty-socketio\src\main\java\com\corundumstudio\socketio\annotation\OnDisconnectScanner.java,com.corundumstudio.socketio.annotation.OnDisconnectScanner,class,5,6,1,5,6,1,0,4,3,0.0,0.0,0.0,3,0,3,0,0,0,3,0,0,0,0,0,0,0,0,0,0,0,0,32,2,1,1,0,0,4,1,0,2,0,2,1,0,0,20,1,0
c:\Users\bruno\OneDrive\Documentos\lab-experimentacao\lab2\.\java_repos\netty-socketio\src\test\java\com\corundumstudio\socketio\transport\WebSocketTransportTest.java,com.corundumstudio.socketio.transport.WebSocketTransportTest,class,5,6,1,5,2,1,0,4,1,0.0,NaN,NaN,2,0,1,1,0,0,1,0,0,0,0,0,0,0,0,0,0,0,0,15,1,0,0,0,0,0,0,2,0,2,0,1,0,0,16,1,0
c:\Users\bruno\OneDrive\Documentos\lab-experimentacao\lab2\.\java_repos\netty-socketio\src\test\java\com\corundumstudio\socketio\parser\DecoderConnectionPacketTest.java,com.corundumstudio.socketio.parser.DecoderConnectionPacketTest,class,5,5,0,5,4,2,0,5,6,0.0,0.0,0.0,4,0,4,0,0,0,4,0,0,0,0,0,0,0,0,0,0,0,0,20,0,0,0,0,0,7,0,4,0,4,0,0,0,0,16,1,0
c:\Users\bruno\OneDrive\Documentos\lab-experimentacao\lab2\.\java_repos\netty-socketio\src\main\java\com\corundumstudio\socketio\store\pubsub\ConnectMessage.java,com.corundumstudio.socketio.store.pubsub.ConnectMessage,class,1,4,3,1,3,2,0,0,1,0.6666667,0.33333334,0.33333334,3,0,3,0,0,0,3,0,0,0,2,1,0,2,0,0,1,0,0,13,1,0,0,0,0,0,1,2,0,2,0,0,0,0,15,1,0
c:\Users\bruno\OneDrive\Documentos\lab-experimentacao\lab2\.\java_repos\netty-socketio\src\main\java\com\corundumstudio\socketio\handler\ClientHead.java,com.corundumstudio.socketio.handler.ClientHead$Anonymous2,anonymous,2,2,0,2,2,1,0,3,0,0.0,NaN,NaN,1,0,1,0,0,0,1,0,0,0,0,0,0,0,0,0,0,0,0,9,0,0,1,0,0,1,0,1,0,1,1,0,0,0,11,-1,1
c:\Users\bruno\OneDrive\Documentos\lab-experimentacao\lab2\.\java_repos\netty-socketio\src\main\java\com\corundumstudio\socketio\store\pubsub\PubSubType.java,com.corundumstudio.socketio.store.pubsub.PubSubType,enum,0,4,4,0,1,1,0,2,0,0.0,NaN,NaN,1,0,1,0,0,0,1,0,0,0,0,0,0,0,0,0,0,0,0,4,1,0,0,0,0,0,0,0,0,0,0,0,0,0,15,1,0
c:\Users\bruno\OneDrive\Documentos\lab-experimentacao\lab2\.\java_repos\netty-socketio\src\main\java\com\corundumstudio\socketio\handler\ClientHead.java,com.corundumstudio.socketio.handler.ClientHead$Anonymous1,anonymous,4,4,0,4,3,1,0,5,0,0.0,NaN,NaN,1,0,1,0,0,0,1,0,0,0,0,0,0,0,0,0,0,0,0,12,0,0,1,0,0,0,0,2,0,2,2,0,0,0,15,-1,0
c:\Users\bruno\OneDrive\Documentos\lab-experimentacao\lab2\.\java_repos\netty-socketio\src\main\java\com\corundumstudio\socketio\ClientOperations.java,com.corundumstudio.socketio.ClientOperations,interface,1,8,7,1,3,1,0,0,3,0.0,0.0,0.0,3,0,0,0,0,3,3,0,0,0,0,0,0,0,0,0,0,0,0,5,0,0,0,0,0,0,0,0,0,0,0,0,0,0,22,1,0
c:\Users\bruno\OneDrive\Documentos\lab-experimentacao\lab2\.\java_repos\netty-socketio\src\main\java\com\corundumstudio\socketio\SocketIOServer.java,com.corundumstudio.socketio.SocketIOServer$Anonymous1,anonymous,2,2,0,2,2,1,0,4,0,0.0,NaN,NaN,1,0,1,0,0,0,1,0,0,0,0,0,0,0,0,0,0,0,0,10,0,0,0,0,0,2,0,0,0,0,1,0,0,0,9,-1,2
c:\Users\bruno\OneDrive\Documentos\lab-experimentacao\lab2\.\java_repos\netty-socketio\src\main\java\com\corundumstudio\socketio\listener\EventInterceptor.java,com.corundumstudio.socketio.listener.EventInterceptor,interface,2,5,3,2,1,1,0,0,0,0.0,NaN,NaN,1,0,0,0,0,1,1,0,0,0,0,0,0,0,0,0,0,0,0,3,0,0,0,0,0,0,0,0,0,0,0,0,0,0,8,1,0
c:\Users\bruno\OneDrive\Documentos\lab-experimentacao\lab2\.\java_repos\netty-socketio\src\test\java\com\corundumstudio\socketio\parser\DecoderMessagePacketTest.java,com.corundumstudio.socketio.parser.DecoderMessagePacketTest,class,5,5,0,5,3,2,0,6,3,0.0,0.0,0.0,3,0,3,0,0,0,3,0,0,0,0,0,0,0,0,0,0,0,0,16,0,0,0,0,0,5,0,3,0,3,0,0,0,0,15,1,0
c:\Users\bruno\OneDrive\Documentos\lab-experimentacao\lab2\.\java_repos\netty-socketio\src\main\java\com\corundumstudio\socketio\store\RedissonStore.java,com.corundumstudio.socketio.store.RedissonStore,class,3,4,1,3,5,1,0,6,0,0.0,1.0,1.0,5,0,5,0,0,0,5,0,0,0,1,0,0,1,0,0,1,0,0,18,2,0,0,0,0,0,0,1,0,1,0,0,0,0,16,1,0
c:\Users\bruno\OneDrive\Documentos\lab-experimentacao\lab2\.\java_repos\netty-socketio\src\main\java\com\corundumstudio\socketio\listener\ExceptionListener.java,com.corundumstudio.socketio.listener.ExceptionListener,interface,2,7,5,2,7,1,0,0,21,0.0,0.0,0.0,7,0,0,0,0,7,7,0,0,0,0,0,0,0,0,0,0,0,0,9,0,0,0,0,0,0,0,0,0,0,0,0,0,0,21,1,0
c:\Users\bruno\OneDrive\Documentos\lab-experimentacao\lab2\.\java_repos\netty-socketio\src\main\java\com\corundumstudio\socketio\messages\XHROptionsMessage.java,com.corundumstudio.socketio.messages.XHROptionsMessage,class,1,3,2,1,1,3,0,0,0,0.0,NaN,NaN,1,0,1,0,0,0,1,0,0,0,0,0,0,0,0,0,0,0,0,5,0,0,0,0,0,0,0,0,0,0,0,0,0,0,11,1,0
c:\Users\bruno\OneDrive\Documentos\lab-experimentacao\lab2\.\java_repos\netty-socketio\src\main\java\com\corundumstudio\socketio\SocketIOChannelInitializer.java,com.corundumstudio.socketio.SocketIOChannelInitializer$Anonymous1,anonymous,2,2,0,2,1,1,0,0,0,0.0,NaN,NaN,1,0,0,0,1,0,1,0,0,0,0,0,0,0,0,0,0,0,0,5,1,0,0,0,0,0,0,0,0,0,0,0,0,0,10,-1,0
c:\Users\bruno\OneDrive\Documentos\lab-experimentacao\lab2\.\java_repos\netty-socketio\src\main\java\com\corundumstudio\socketio\BroadcastOperations.java,com.corundumstudio.socketio.BroadcastOperations,interface,5,10,5,5,7,1,0,0,21,0.0,0.0,0.0,7,0,0,0,0,7,7,0,0,0,0,0,0,0,0,0,0,0,0,9,0,0,0,0,0,0,0,0,0,0,0,0,0,0,16,1,0
c:\Users\bruno\OneDrive\Documentos\lab-experimentacao\lab2\.\java_repos\netty-socketio\src\main\java\com\corundumstudio\socketio\store\RedissonPubSubStore.java,com.corundumstudio.socketio.store.RedissonPubSubStore,class,8,9,1,8,8,1,0,11,2,0.55,0.4,0.6,5,0,5,0,0,0,5,0,0,0,4,0,0,4,0,0,4,0,0,46,0,1,2,0,0,0,0,14,0,12,2,1,0,0,31,1,0
c:\Users\bruno\OneDrive\Documentos\lab-experimentacao\lab2\.\java_repos\netty-socketio\src\main\java\com\corundumstudio\socketio\annotation\ScannerEngine.java,com.corundumstudio.socketio.annotation.ScannerEngine,class,7,9,2,7,22,1,0,29,6,0.75,NaN,NaN,4,0,1,3,0,0,1,0,0,0,2,2,0,2,0,0,2,0,4,64,4,6,4,0,1,2,0,7,1,7,5,0,0,0,40,1,1
c:\Users\bruno\OneDrive\Documentos\lab-experimentacao\lab2\.\java_repos\netty-socketio\src\main\java\com\corundumstudio\socketio\misc\CompositeIterator.java,com.corundumstudio.socketio.misc.CompositeIterator,class,2,4,2,2,8,1,0,6,0,0.25,1.0,1.0,4,0,4,0,0,0,4,0,0,0,2,0,0,2,0,0,1,0,0,28,4,1,1,0,0,0,0,4,0,3,3,0,0,0,13,1,0
c:\Users\bruno\OneDrive\Documentos\lab-experimentacao\lab2\.\java_repos\netty-socketio\src\main\java\com\corundumstudio\socketio\SingleRoomBroadcastOperations.java,com.corundumstudio.socketio.SingleRoomBroadcastOperations,class,11,13,2,11,20,1,0,21,8,0.7083333,0.5090909,0.5090909,12,0,11,1,0,0,11,0,0,0,4,0,0,4,0,0,4,0,4,81,1,6,0,0,0,0,0,8,0,10,2,0,0,2,36,1,0
c:\Users\bruno\OneDrive\Documentos\lab-experimentacao\lab2\.\java_repos\netty-socketio\src\main\java\com\corundumstudio\socketio\ack\AckManager.java,com.corundumstudio.socketio.ack.AckManager,class,13,23,10,13,21,1,0,28,16,0.6666667,0.26666668,0.4,9,0,6,3,0,0,6,0,0,0,3,1,0,3,0,0,3,0,0,118,8,1,7,0,0,3,4,22,0,19,2,1,1,0,59,1,2
c:\Users\bruno\OneDrive\Documentos\lab-experimentacao\lab2\.\java_repos\netty-socketio\src\main\java\com\corundumstudio\socketio\misc\CompositeIterable.java,com.corundumstudio.socketio.misc.CompositeIterable,class,3,7,4,3,7,1,0,3,0,0.125,1.0,1.0,4,0,4,0,0,0,4,0,0,0,2,0,0,2,0,0,0,0,0,28,1,2,1,0,0,0,0,5,0,3,2,0,0,0,8,1,0
c:\Users\bruno\OneDrive\Documentos\lab-experimentacao\lab2\.\java_repos\netty-socketio\src\main\java\com\corundumstudio\socketio\MultiRoomBroadcastOperations.java,com.corundumstudio.socketio.MultiRoomBroadcastOperations,class,7,10,3,7,35,1,0,14,0,0.18181819,0.6545454,0.6545454,11,0,11,0,0,0,11,0,0,0,1,0,0,1,0,0,1,0,2,80,9,8,16,0,0,0,8,4,0,6,1,0,0,2,29,1,0
c:\Users\bruno\OneDrive\Documentos\lab-experimentacao\lab2\.\java_repos\netty-socketio\src\main\java\com\corundumstudio\socketio\listener\DataListener.java,com.corundumstudio.socketio.listener.DataListener,interface,3,9,6,3,1,1,0,0,0,0.0,NaN,NaN,1,0,0,0,0,1,1,0,0,0,0,0,0,0,0,0,0,0,0,3,0,0,0,0,0,0,0,0,0,0,0,0,0,0,21,1,0
c:\Users\bruno\OneDrive\Documentos\lab-experimentacao\lab2\.\java_repos\netty-socketio\src\main\java\com\corundumstudio\socketio\JsonSupportWrapper.java,com.corundumstudio.socketio.JsonSupportWrapper,class,9,11,2,9,10,1,0,11,0,0.2857143,1.0,1.0,7,0,6,0,0,1,7,0,0,0,2,1,0,2,0,0,2,0,0,45,3,0,0,3,0,5,0,2,3,2,1,0,0,0,35,0,3
c:\Users\bruno\OneDrive\Documentos\lab-experimentacao\lab2\.\java_repos\netty-socketio\src\test\java\com\corundumstudio\socketio\parser\EncoderAckPacketTest.java,com.corundumstudio.socketio.parser.EncoderAckPacketTest,class,4,4,0,4,2,2,0,4,1,0.0,0.0,0.0,2,0,2,0,0,0,2,0,0,0,0,0,0,0,0,0,0,0,0,14,0,0,0,0,0,2,2,4,0,4,0,0,0,0,19,1,0
c:\Users\bruno\OneDrive\Documentos\lab-experimentacao\lab2\.\java_repos\netty-socketio\src\main\java\com\corundumstudio\socketio\protocol\JacksonJsonSupport.java,com.corundumstudio.socketio.protocol.JacksonJsonSupport$ByteArraySerializer$Anonymous1,anonymous,1,1,0,1,1,1,0,0,0,0.0,NaN,NaN,1,0,0,0,1,0,1,0,0,0,0,0,0,0,0,0,0,0,0,5,1,0,0,0,0,0,0,0,0,0,0,0,0,0,2,-1,0
c:\Users\bruno\OneDrive\Documentos\lab-experimentacao\lab2\.\java_repos\netty-socketio\src\main\java\com\corundumstudio\socketio\protocol\PacketType.java,com.corundumstudio.socketio.protocol.PacketType,enum,1,5,4,1,11,1,0,2,0,0.33333334,1.0,1.0,5,2,3,0,0,2,5,0,0,0,3,1,1,2,0,0,3,0,1,30,3,2,2,0,0,1,14,3,1,3,2,0,0,0,36,1,0
c:\Users\bruno\OneDrive\Documentos\lab-experimentacao\lab2\.\java_repos\netty-socketio\src\main\java\com\corundumstudio\socketio\store\HazelcastPubSubStore.java,com.corundumstudio.socketio.store.HazelcastPubSubStore,class,8,9,1,8,8,1,0,11,2,0.55,0.4,0.6,5,0,5,0,0,0,5,0,0,0,4,0,0,4,0,0,4,0,0,47,0,1,2,0,0,0,0,14,0,12,2,1,0,0,28,1,0
c:\Users\bruno\OneDrive\Documentos\lab-experimentacao\lab2\.\java_repos\netty-socketio\src\main\java\com\corundumstudio\socketio\SocketIOServer.java,com.corundumstudio.socketio.SocketIOServer,class,31,34,3,31,41,1,0,54,109,0.8194445,0.34472933,0.9259259,27,0,25,0,2,0,27,0,0,0,8,1,0,8,0,0,5,0,0,163,9,3,7,0,0,2,6,25,0,18,3,1,0,0,121,1,2
c:\Users\bruno\OneDrive\Documentos\lab-experimentacao\lab2\.\java_repos\netty-socketio\src\main\java\com\corundumstudio\socketio\protocol\Event.java,com.corundumstudio.socketio.protocol.Event,class,0,3,3,0,4,1,0,0,2,0.5,0.33333334,0.5,4,0,4,0,0,0,4,0,0,0,2,0,0,2,0,0,0,0,0,17,2,0,0,0,0,0,0,2,0,2,0,0,0,0,6,1,0
c:\Users\bruno\OneDrive\Documentos\lab-experimentacao\lab2\.\java_repos\netty-socketio\src\main\java\com\corundumstudio\socketio\store\pubsub\PubSubMessage.java,com.corundumstudio.socketio.store.pubsub.PubSubMessage,class,0,11,11,0,2,1,5,0,0,0.5,1.0,1.0,2,0,2,0,0,0,2,0,0,0,2,1,0,2,0,0,1,0,0,10,1,0,0,0,0,0,1,2,0,2,0,0,0,0,17,1025,0
c:\Users\bruno\OneDrive\Documentos\lab-experimentacao\lab2\.\java_repos\netty-socketio\src\main\java\com\corundumstudio\socketio\DisconnectableHub.java,com.corundumstudio.socketio.DisconnectableHub,interface,1,4,3,1,0,1,0,0,0,0.0,-1.0,-1.0,0,0,0,0,0,0,0,0,0,0,0,0,0,0,0,0,0,0,0,2,0,0,0,0,0,0,0,0,0,0,0,0,0,0,2,1,0
c:\Users\bruno\OneDrive\Documentos\lab-experimentacao\lab2\.\java_repos\netty-socketio\src\main\java\com\corundumstudio\socketio\handler\EncoderHandler.java,com.corundumstudio.socketio.handler.EncoderHandler,class,32,34,2,32,51,2,0,69,13,0.8016529,0.0,0.0,11,0,2,9,0,0,2,0,0,0,11,8,5,6,0,0,9,0,1,247,2,4,14,1,2,27,6,45,3,44,3,0,1,0,109,1,4
c:\Users\bruno\OneDrive\Documentos\lab-experimentacao\lab2\.\java_repos\netty-socketio\src\main\java\com\corundumstudio\socketio\MultiTypeArgs.java,com.corundumstudio.socketio.MultiTypeArgs,class,2,8,6,2,10,1,0,5,8,0.375,0.35714287,0.35714287,8,0,8,0,0,0,8,0,0,0,1,0,0,1,0,0,1,0,0,31,8,0,1,0,0,0,3,1,0,1,1,0,0,0,23,1,0
c:\Users\bruno\OneDrive\Documentos\lab-experimentacao\lab2\.\java_repos\netty-socketio\src\test\java\com\corundumstudio\socketio\protocol\PacketTest.java,com.corundumstudio.socketio.protocol.PacketTest,class,4,5,1,4,5,1,0,25,10,0.0,0.0,0.0,5,0,3,2,0,0,3,0,0,0,0,0,0,0,0,0,0,0,0,42,1,0,0,0,0,5,4,7,0,7,0,0,0,0,27,1,0
c:\Users\bruno\OneDrive\Documentos\lab-experimentacao\lab2\.\java_repos\netty-socketio\src\main\java\com\corundumstudio\socketio\protocol\JacksonJsonSupport.java,com.corundumstudio.socketio.protocol.JacksonJsonSupport$ExBeanSerializerModifier,innerclass,7,7,0,7,3,2,0,3,0,0.0,1.0,1.0,2,0,2,0,0,0,2,0,0,0,1,0,0,1,0,0,1,0,0,12,3,0,0,0,0,0,0,1,0,1,1,0,0,0,13,12,0
c:\Users\bruno\OneDrive\Documentos\lab-experimentacao\lab2\.\java_repos\netty-socketio\src\main\java\com\corundumstudio\socketio\scheduler\HashedWheelTimeoutScheduler.java,com.corundumstudio.socketio.scheduler.HashedWheelTimeoutScheduler$Anonymous4,anonymous,1,1,0,1,1,1,0,2,0,0.0,NaN,NaN,1,0,1,0,0,0,1,0,0,0,0,0,0,0,0,0,0,0,0,6,0,0,0,0,0,0,0,0,0,0,0,0,0,0,5,-1,0
c:\Users\bruno\OneDrive\Documentos\lab-experimentacao\lab2\.\java_repos\netty-socketio\src\main\java\com\corundumstudio\socketio\scheduler\HashedWheelTimeoutScheduler.java,com.corundumstudio.socketio.scheduler.HashedWheelTimeoutScheduler$Anonymous1,anonymous,1,1,0,1,1,1,0,1,0,0.0,NaN,NaN,1,0,1,0,0,0,1,0,0,0,0,0,0,0,0,0,0,0,0,5,0,0,0,0,0,0,0,0,0,0,0,0,0,0,4,-1,0
c:\Users\bruno\OneDrive\Documentos\lab-experimentacao\lab2\.\java_repos\netty-socketio\src\main\java\com\corundumstudio\socketio\scheduler\HashedWheelTimeoutScheduler.java,com.corundumstudio.socketio.scheduler.HashedWheelTimeoutScheduler$Anonymous2,anonymous,1,1,0,1,1,1,0,2,0,0.0,NaN,NaN,1,0,1,0,0,0,1,0,0,0,0,0,0,0,0,0,0,0,0,11,0,0,0,0,0,0,0,0,0,0,0,1,0,0,5,-1,0
c:\Users\bruno\OneDrive\Documentos\lab-experimentacao\lab2\.\java_repos\netty-socketio\src\main\java\com\corundumstudio\socketio\protocol\AckArgs.java,com.corundumstudio.socketio.protocol.AckArgs,class,0,5,5,0,2,1,0,0,0,0.0,1.0,1.0,2,0,2,0,0,0,2,0,0,0,1,0,0,1,0,0,0,0,0,10,1,0,0,0,0,0,0,1,0,1,0,0,0,0,4,1,0
c:\Users\bruno\OneDrive\Documentos\lab-experimentacao\lab2\.\java_repos\netty-socketio\src\main\java\com\corundumstudio\socketio\transport\PollingTransport.java,com.corundumstudio.socketio.transport.PollingTransport,class,18,21,3,18,31,2,0,37,0,0.6,0.5,0.5,8,0,3,4,1,0,4,0,0,0,5,2,1,4,0,0,5,0,3,128,4,0,14,1,0,15,8,31,0,28,5,0,0,0,83,1,5
c:\Users\bruno\OneDrive\Documentos\lab-experimentacao\lab2\.\java_repos\netty-socketio\src\test\java\com\corundumstudio\socketio\parser\DecoderEventPacketTest.java,com.corundumstudio.socketio.parser.DecoderEventPacketTest,class,6,6,0,6,3,2,0,6,3,0.0,0.0,0.0,3,0,3,0,0,0,3,0,0,0,0,0,0,0,0,0,0,0,0,20,0,0,0,0,0,8,0,5,0,5,0,0,0,0,22,1,0
c:\Users\bruno\OneDrive\Documentos\lab-experimentacao\lab2\.\java_repos\netty-socketio\src\main\java\com\corundumstudio\socketio\annotation\OnEventScanner.java,com.corundumstudio.socketio.annotation.OnEventScanner$Anonymous2,anonymous,3,3,0,3,6,1,0,6,0,0.0,NaN,NaN,1,0,1,0,0,0,1,0,0,0,0,0,0,0,0,0,0,0,0,24,0,0,2,1,0,0,2,5,0,2,2,0,0,0,20,-1,0
c:\Users\bruno\OneDrive\Documentos\lab-experimentacao\lab2\.\java_repos\netty-socketio\src\main\java\com\corundumstudio\socketio\listener\ExceptionListenerAdapter.java,com.corundumstudio.socketio.listener.ExceptionListenerAdapter,class,3,4,1,3,6,1,1,0,15,0.0,0.0,0.0,6,0,6,0,0,0,6,0,0,0,0,0,0,0,0,0,0,0,0,15,1,0,0,0,0,0,0,0,0,0,0,0,0,0,26,1025,0
c:\Users\bruno\OneDrive\Documentos\lab-experimentacao\lab2\.\java_repos\netty-socketio\src\main\java\com\corundumstudio\socketio\annotation\OnEventScanner.java,com.corundumstudio.socketio.annotation.OnEventScanner$Anonymous1,anonymous,4,4,0,4,6,1,0,4,0,0.0,NaN,NaN,1,0,1,0,0,0,1,0,0,0,0,0,0,0,0,0,0,0,0,25,0,1,2,1,0,0,3,5,0,2,2,0,0,0,25,-1,0
c:\Users\bruno\OneDrive\Documentos\lab-experimentacao\lab2\.\java_repos\netty-socketio\src\main\java\com\corundumstudio\socketio\SocketIOChannelInitializer.java,com.corundumstudio.socketio.SocketIOChannelInitializer,class,34,36,2,34,18,2,0,49,0,0.8076923,0.5714286,0.71428573,8,0,4,1,3,0,7,0,0,0,26,15,14,12,0,0,15,0,6,128,1,0,4,2,1,16,0,43,1,42,2,1,0,0,128,1,1
c:\Users\bruno\OneDrive\Documentos\lab-experimentacao\lab2\.\java_repos\netty-socketio\src\main\java\com\corundumstudio\socketio\store\RedissonStoreFactory.java,com.corundumstudio.socketio.store.RedissonStoreFactory,class,9,9,0,9,7,2,0,4,0,0.5,0.5714286,0.71428573,7,0,7,0,0,0,7,0,0,0,4,0,0,4,0,0,4,0,0,35,3,0,0,0,0,0,0,8,0,4,0,0,0,0,19,1,0
c:\Users\bruno\OneDrive\Documentos\lab-experimentacao\lab2\.\java_repos\netty-socketio\src\main\java\com\corundumstudio\socketio\misc\IterableCollection.java,com.corundumstudio.socketio.misc.IterableCollection,class,2,3,1,2,5,2,0,3,0,0.0,1.0,1.0,4,0,4,0,0,0,4,0,0,0,1,0,0,1,0,0,1,0,0,21,2,1,0,0,0,0,1,3,0,3,1,0,0,0,7,1,0
c:\Users\bruno\OneDrive\Documentos\lab-experimentacao\lab2\.\java_repos\netty-socketio\src\test\java\com\corundumstudio\socketio\parser\EncoderBaseTest.java,com.corundumstudio.socketio.parser.EncoderBaseTest,class,3,7,4,3,0,1,4,0,0,NaN,-1.0,-1.0,0,0,0,0,0,0,0,0,0,0,1,0,0,0,0,1,1,0,0,3,0,0,0,0,0,0,0,1,0,1,0,0,0,0,9,1,0
c:\Users\bruno\OneDrive\Documentos\lab-experimentacao\lab2\.\java_repos\netty-socketio\src\main\java\com\corundumstudio\socketio\protocol\JacksonJsonSupport.java,com.corundumstudio.socketio.protocol.JacksonJsonSupport$ByteArraySerializer,innerclass,11,11,0,11,12,2,0,11,22,0.8125,0.10714286,0.10714286,8,0,8,0,0,0,8,0,0,0,2,1,0,2,0,0,2,0,0,44,3,0,4,0,2,5,2,6,0,6,2,1,0,0,45,9,0
c:\Users\bruno\OneDrive\Documentos\lab-experimentacao\lab2\.\java_repos\netty-socketio\src\main\java\com\corundumstudio\socketio\protocol\PacketEncoder.java,com.corundumstudio.socketio.protocol.PacketEncoder,class,11,17,6,11,68,1,0,49,79,0.8831168,0.07272727,0.10909091,14,6,9,3,0,2,11,0,0,0,11,9,0,7,0,4,11,0,12,261,11,12,20,1,19,4,51,64,24,48,5,0,0,0,107,1,0
c:\Users\bruno\OneDrive\Documentos\lab-experimentacao\lab2\.\java_repos\netty-socketio\src\main\java\com\corundumstudio\socketio\annotation\OnDisconnectScanner.java,com.corundumstudio.socketio.annotation.OnDisconnectScanner$Anonymous1,anonymous,2,2,0,2,3,1,0,2,0,0.0,NaN,NaN,1,0,1,0,0,0,1,0,0,0,0,0,0,0,0,0,0,0,0,13,0,0,0,1,0,0,0,0,0,0,1,0,0,0,11,-1,0
c:\Users\bruno\OneDrive\Documentos\lab-experimentacao\lab2\.\java_repos\netty-socketio\src\main\java\com\corundumstudio\socketio\store\HazelcastStore.java,com.corundumstudio.socketio.store.HazelcastStore,class,4,5,1,4,5,1,0,6,0,0.0,1.0,1.0,5,0,5,0,0,0,5,0,0,0,1,0,0,1,0,0,1,0,0,18,2,0,0,0,0,0,0,1,0,1,0,0,0,0,16,1,0
c:\Users\bruno\OneDrive\Documentos\lab-experimentacao\lab2\.\java_repos\netty-socketio\src\main\java\com\corundumstudio\socketio\transport\WebSocketTransport.java,com.corundumstudio.socketio.transport.WebSocketTransport$Anonymous2,anonymous,2,2,0,2,3,1,0,4,0,0.0,NaN,NaN,1,0,1,0,0,0,1,0,0,0,0,0,0,0,0,0,0,0,0,11,0,0,1,0,0,1,0,1,0,1,2,0,0,0,12,-1,1
c:\Users\bruno\OneDrive\Documentos\lab-experimentacao\lab2\.\java_repos\netty-socketio\src\main\java\com\corundumstudio\socketio\store\RedissonPubSubStore.java,com.corundumstudio.socketio.store.RedissonPubSubStore$Anonymous1,anonymous,3,3,0,3,2,1,0,3,0,0.0,NaN,NaN,1,0,1,0,0,0,1,0,0,0,0,0,0,0,0,0,0,0,0,7,0,0,0,0,0,0,0,0,0,0,1,0,0,0,8,-1,0
c:\Users\bruno\OneDrive\Documentos\lab-experimentacao\lab2\.\java_repos\netty-socketio\src\main\java\com\corundumstudio\socketio\transport\WebSocketTransport.java,com.corundumstudio.socketio.transport.WebSocketTransport$Anonymous1,anonymous,4,4,0,4,2,1,0,8,0,0.0,NaN,NaN,1,0,1,0,0,0,1,0,0,0,0,0,0,0,0,0,0,0,0,11,1,0,0,0,0,1,0,0,0,0,1,0,0,0,14,-1,1
c:\Users\bruno\OneDrive\Documentos\lab-experimentacao\lab2\.\java_repos\netty-socketio\src\main\java\com\corundumstudio\socketio\protocol\JacksonJsonSupport.java,com.corundumstudio.socketio.protocol.JacksonJsonSupport$EventDeserializer,innerclass,7,7,0,7,7,2,0,13,1,0.75,0.0,0.0,2,0,1,0,1,0,2,0,0,0,2,1,0,1,0,1,2,0,1,37,2,1,1,0,0,1,3,13,1,12,2,0,0,0,39,4,1
c:\Users\bruno\OneDrive\Documentos\lab-experimentacao\lab2\.\java_repos\netty-socketio\src\main\java\com\corundumstudio\socketio\namespace\NamespacesHub.java,com.corundumstudio.socketio.namespace.NamespacesHub,class,6,18,12,6,10,1,0,9,0,0.4166667,0.73333335,1.0,6,0,6,0,0,0,6,0,0,0,2,0,0,2,0,0,2,0,0,38,4,1,3,0,1,0,0,9,0,7,2,0,0,0,22,1,0
c:\Users\bruno\OneDrive\Documentos\lab-experimentacao\lab2\.\java_repos\netty-socketio\src\main\java\com\corundumstudio\socketio\handler\EncoderHandler.java,com.corundumstudio.socketio.handler.EncoderHandler$ChannelFutureList,innerclass,5,5,0,5,11,1,0,10,0,0.3,0.33333334,0.33333334,5,0,3,2,0,0,3,0,0,0,2,0,0,2,0,0,0,0,0,38,1,2,1,0,0,0,0,6,0,3,3,0,0,0,47,10,0
c:\Users\bruno\OneDrive\Documentos\lab-experimentacao\lab2\.\java_repos\netty-socketio\src\main\java\com\corundumstudio\socketio\protocol\JacksonJsonSupport.java,com.corundumstudio.socketio.protocol.JacksonJsonSupport$EventKey,innerclass,1,1,0,1,14,1,0,3,0,0.0,1.0,1.0,3,0,3,0,0,0,3,0,0,0,2,0,0,2,0,0,0,0,0,31,9,0,9,0,4,0,4,7,4,5,2,0,0,0,18,9,0
c:\Users\bruno\OneDrive\Documentos\lab-experimentacao\lab2\.\java_repos\netty-socketio\src\main\java\com\corundumstudio\socketio\store\pubsub\PubSubStore.java,com.corundumstudio.socketio.store.pubsub.PubSubStore,interface,4,16,12,4,4,1,0,0,6,0.0,0.0,0.0,4,0,0,0,0,4,4,0,0,0,0,0,0,0,0,0,0,0,0,6,0,0,0,0,0,0,0,0,0,0,0,0,0,0,12,1,0
c:\Users\bruno\OneDrive\Documentos\lab-experimentacao\lab2\.\java_repos\netty-socketio\src\test\java\com\corundumstudio\socketio\parser\EncoderEventPacketTest.java,com.corundumstudio.socketio.parser.EncoderEventPacketTest,class,4,4,0,4,3,2,0,4,3,0.0,0.0,0.0,3,0,3,0,0,0,3,0,0,0,0,0,0,0,0,0,0,0,0,20,0,0,0,0,0,6,0,6,0,6,0,0,0,0,20,1,0
c:\Users\bruno\OneDrive\Documentos\lab-experimentacao\lab2\.\java_repos\netty-socketio\src\main\java\com\corundumstudio\socketio\namespace\EventEntry.java,com.corundumstudio.socketio.namespace.EventEntry,class,2,3,1,2,3,1,0,1,1,0.33333334,0.33333334,0.33333334,3,0,3,0,0,0,3,0,0,0,1,0,0,1,0,0,1,0,0,12,1,0,0,0,0,0,0,1,0,1,0,0,0,0,8,1,0
c:\Users\bruno\OneDrive\Documentos\lab-experimentacao\lab2\.\java_repos\netty-socketio\src\test\java\com\corundumstudio\socketio\parser\DecoderAckPacketTest.java,com.corundumstudio.socketio.parser.DecoderAckPacketTest$Anonymous1$Anonymous2,anonymous,0,0,0,0,1,1,0,0,0,0.0,NaN,NaN,1,0,1,0,0,0,1,0,0,0,0,0,0,0,0,0,0,0,0,4,0,0,0,0,0,0,0,0,0,0,0,0,0,0,3,-1,0
c:\Users\bruno\OneDrive\Documentos\lab-experimentacao\lab2\.\java_repos\netty-socketio\src\main\java\com\corundumstudio\socketio\handler\SuccessAuthorizationListener.java,com.corundumstudio.socketio.handler.SuccessAuthorizationListener,class,3,4,1,3,1,1,0,0,0,0.0,NaN,NaN,1,0,1,0,0,0,1,0,0,0,0,0,0,0,0,0,0,0,0,5,1,0,0,0,0,0,0,0,0,0,0,0,0,0,8,1,0
c:\Users\bruno\OneDrive\Documentos\lab-experimentacao\lab2\.\java_repos\netty-socketio\src\main\java\com\corundumstudio\socketio\store\StoreFactory.java,com.corundumstudio.socketio.store.StoreFactory,interface,8,15,7,8,5,1,0,0,10,0.0,0.0,0.0,5,0,0,0,0,5,5,0,0,0,0,0,0,0,0,0,0,0,0,7,0,0,0,0,0,0,0,0,0,0,0,0,0,0,27,1,0
c:\Users\bruno\OneDrive\Documentos\lab-experimentacao\lab2\.\java_repos\netty-socketio\src\test\java\com\corundumstudio\socketio\parser\EncoderMessagePacketTest.java,com.corundumstudio.socketio.parser.EncoderMessagePacketTest,class,4,4,0,4,2,2,0,5,1,0.0,0.0,0.0,2,0,2,0,0,0,2,0,0,0,0,0,0,0,0,0,0,0,0,14,0,0,0,0,0,4,0,4,0,4,0,0,0,0,18,1,0
c:\Users\bruno\OneDrive\Documentos\lab-experimentacao\lab2\.\java_repos\netty-socketio\src\main\java\com\corundumstudio\socketio\listener\DefaultExceptionListener.java,com.corundumstudio.socketio.listener.DefaultExceptionListener,class,5,7,2,5,7,2,0,3,0,0.0,1.0,1.0,7,0,7,0,0,0,7,0,0,0,1,1,0,1,0,0,1,0,0,25,1,0,0,0,0,0,0,1,0,1,0,0,0,0,26,1,7
c:\Users\bruno\OneDrive\Documentos\lab-experimentacao\lab2\.\java_repos\netty-socketio\src\main\java\com\corundumstudio\socketio\protocol\PacketDecoder.java,com.corundumstudio.socketio.protocol.PacketDecoder,class,14,25,11,14,63,1,0,73,103,0.9,0.0,0.0,15,0,3,12,0,0,3,0,0,0,4,0,0,4,0,0,4,0,8,242,25,4,20,0,3,11,43,71,19,58,4,0,0,0,113,1,0
c:\Users\bruno\OneDrive\Documentos\lab-experimentacao\lab2\.\java_repos\netty-socketio\src\main\java\com\corundumstudio\socketio\AckRequest.java,com.corundumstudio.socketio.AckRequest,class,4,13,9,4,6,1,0,11,0,0.5,0.5,0.5,4,0,4,0,0,0,4,0,0,0,3,0,0,3,0,0,3,0,1,26,2,0,0,0,0,0,0,5,0,5,1,0,0,0,68,1,0
c:\Users\bruno\OneDrive\Documentos\lab-experimentacao\lab2\.\java_repos\netty-socketio\src\main\java\com\corundumstudio\socketio\handler\ClientsBox.java,com.corundumstudio.socketio.handler.ClientsBox,class,3,11,8,3,8,1,0,9,3,0.5,0.42857143,0.42857143,7,0,7,0,0,0,7,0,0,0,2,0,0,2,0,0,2,0,0,29,5,0,1,0,0,0,0,3,0,3,1,0,0,0,20,1,0
c:\Users\bruno\OneDrive\Documentos\lab-experimentacao\lab2\.\java_repos\netty-socketio\src\main\java\com\corundumstudio\socketio\protocol\JacksonJsonSupport.java,com.corundumstudio.socketio.protocol.JacksonJsonSupport,class,20,25,5,20,11,5,0,18,6,0.77777773,0.33333334,0.41666666,9,0,8,0,1,0,9,0,0,0,7,1,0,0,7,0,7,0,1,205,3,0,1,0,0,0,1,8,0,8,1,0,5,0,50,1,0
c:\Users\bruno\OneDrive\Documentos\lab-experimentacao\lab2\.\java_repos\netty-socketio\src\test\java\com\corundumstudio\socketio\JoinIteratorsTest.java,com.corundumstudio.socketio.JoinIteratorsTest,class,2,2,0,2,3,1,0,7,0,0.0,NaN,NaN,1,0,1,0,0,0,1,0,0,0,0,0,0,0,0,0,0,0,2,17,0,2,0,0,0,0,4,4,1,4,1,0,0,0,12,1,0
c:\Users\bruno\OneDrive\Documentos\lab-experimentacao\lab2\.\java_repos\netty-socketio\src\main\java\com\corundumstudio\socketio\store\MemoryStoreFactory.java,com.corundumstudio.socketio.store.MemoryStoreFactory,class,7,8,1,7,5,2,0,3,10,0.8,0.0,0.0,5,0,5,0,0,0,5,0,0,0,1,0,0,1,0,0,1,0,0,17,4,0,0,0,0,1,0,1,1,1,0,0,0,0,23,1,0
c:\Users\bruno\OneDrive\Documentos\lab-experimentacao\lab2\.\java_repos\netty-socketio\src\main\java\com\corundumstudio\socketio\annotation\SpringAnnotationScanner.java,com.corundumstudio.socketio.annotation.SpringAnnotationScanner,class,9,10,1,9,5,1,0,7,0,0.5,0.6666667,1.0,3,0,3,0,0,0,3,0,0,0,6,1,0,6,0,0,3,0,1,46,2,0,1,0,0,1,0,9,0,7,1,2,0,0,34,1,1
c:\Users\bruno\OneDrive\Documentos\lab-experimentacao\lab2\.\java_repos\netty-socketio\src\test\java\com\corundumstudio\socketio\parser\PayloadTest.java,com.corundumstudio.socketio.parser.PayloadTest,class,8,8,0,8,4,1,0,15,1,0.77777785,0.33333334,0.33333334,3,0,3,0,0,0,3,0,0,0,3,0,0,3,0,0,3,0,0,38,0,1,0,0,0,8,4,14,0,14,1,0,0,0,32,1,0
c:\Users\bruno\OneDrive\Documentos\lab-experimentacao\lab2\.\java_repos\netty-socketio\src\main\java\com\corundumstudio\socketio\Transport.java,com.corundumstudio.socketio.Transport,enum,0,8,8,0,2,1,0,0,0,0.0,1.0,1.0,2,0,1,0,0,1,2,0,0,0,1,0,0,1,0,0,1,0,0,8,1,0,0,0,0,0,0,1,0,1,0,0,0,0,18,1,0
